{"colsample_bytree": 0.7542265148382711, "gamma": 0.5203100950297243, "learning_rate": 0.1374020077987212, "max_depth": 4, "min_child_weight": 1, "n_estimators": 1161, "subsample": 0.722069695983111}