{"colsample_bytree": 0.8887995089067299, "gamma": 0.9385527090157502, "learning_rate": 0.010155753168202867, "max_depth": 8, "min_child_weight": 1, "n_estimators": 859, "subsample": 0.8446612641953124}